Timestamp,Receiver,CodeSpace,Signal,Sensor.Value,Sensor.Unit
2018-04-03 21:23:34,132908,R64K,4451,0.01,Temp
2018-04-06 15:00:00,132908,R64K,4451,0.01,Temp
2018-04-06 15:00:00,132908,R64K,4453,0.01,Temp
2018-04-06 15:00:00,132908,R64K,4454,0.01,Temp
2018-04-06 15:00:00,132908,R64K,4456,0.01,Temp
2018-04-06 15:00:00,132908,R64K,4457,0.01,Temp
2018-04-06 15:00:00,132908,R64K,4459,0.01,Temp
2018-04-06 15:00:00,132908,R64K,4462,0.01,Temp
2018-04-06 15:00:00,132908,R64K,4466,0.01,Temp
2018-04-06 15:00:00,132908,R64K,4469,0.01,Temp
2018-04-06 15:00:00,132908,R64K,4470,0.01,Temp
2018-04-06 15:00:00,132908,R64K,4472,0.01,Temp
2018-04-06 15:00:00,132908,R64K,4473,0.01,Temp
2018-04-06 15:00:00,132908,R64K,4474,0.01,Temp
2018-04-06 15:00:00,132908,R64K,4477,0.01,Temp
2018-04-06 15:00:00,132908,R64K,4478,0.01,Temp
2018-04-06 15:00:00,132908,R64K,4480,0.01,Temp
2018-04-06 15:00:00,132908,R64K,4481,0.01,Temp
2018-04-06 15:00:00,132908,R64K,4484,0.01,Temp
2018-04-06 15:00:00,132908,R64K,4486,0.01,Temp
2018-04-06 15:00:00,132908,R64K,4488,0.01,Temp
2018-04-06 15:00:00,132908,R64K,4490,0.01,Temp
2018-04-06 15:00:00,132908,R64K,4492,0.01,Temp
2018-04-06 15:00:00,132908,R64K,4494,0.01,Temp
2018-04-06 15:00:00,132908,R64K,4496,0.01,Temp
2018-04-06 15:00:00,132908,R64K,4498,0.01,Temp
2018-04-06 15:00:00,132908,R64K,4499,0.01,Temp
2018-04-06 15:00:00,132908,R64K,4502,0.01,Temp
2018-04-06 15:00:00,132908,R64K,4503,0.01,Temp
2018-04-06 15:00:00,132908,R64K,4505,0.01,Temp
2018-04-06 15:00:00,132908,R64K,4508,0.01,Temp
2018-04-06 15:00:00,132908,R64K,4509,0.01,Temp
2018-04-06 15:00:00,132908,R64K,4510,0.01,Temp
2018-04-06 15:00:00,132908,R64K,4511,0.01,Temp
2018-04-06 15:00:00,132908,R64K,4512,0.01,Temp
2018-04-06 15:00:00,132908,R64K,4513,0.01,Temp
2018-04-06 15:00:00,132908,R64K,4514,0.01,Temp
2018-04-06 15:00:00,132908,R64K,4515,0.01,Temp
2018-04-06 15:00:00,132908,R64K,4516,0.01,Temp
2018-04-06 15:00:00,132908,R64K,4517,0.01,Temp
2018-04-06 15:00:00,132908,R64K,4518,0.01,Temp
2018-04-06 15:00:00,132908,R64K,4519,0.01,Temp
2018-04-06 15:00:00,132908,R64K,4520,0.01,Temp
2018-04-06 15:00:00,132908,R64K,4521,0.01,Temp
2018-04-06 15:00:00,132908,R64K,4522,0.01,Temp
2018-04-06 15:00:00,132908,R64K,4524,0.01,Temp
2018-04-06 15:00:00,132908,R64K,4526,0.01,Temp
2018-04-06 15:00:00,132908,R64K,4527,0.01,Temp
2018-04-06 15:00:00,132908,R64K,4532,0.01,Temp
2018-04-06 15:00:00,132908,R64K,4534,0.01,Temp
2018-04-06 15:00:00,132908,R64K,4536,0.01,Temp
2018-04-06 15:00:00,132908,R64K,4541,0.01,Temp
2018-04-06 15:00:00,132908,R64K,4543,0.01,Temp
2018-04-06 15:00:00,132908,R64K,4545,0.01,Temp
2018-04-06 15:00:00,132908,R64K,4547,0.01,Temp
2018-04-06 15:00:00,132908,R64K,4549,0.01,Temp
2018-04-13 20:26:37,132908,R64K,4529,0.01,Temp
2018-04-13 20:27:15,132908,R64K,4529,0.01,Temp
2018-04-13 20:28:07,132908,R64K,4529,0.01,Temp
2018-04-13 20:28:48,132908,R64K,4529,0.01,Temp
2018-04-13 20:29:32,132908,R64K,4529,0.01,Temp
2018-04-13 20:30:19,132908,R64K,4529,0.02,Temp
2018-04-13 20:31:54,132908,R64K,4529,0.02,Temp
2018-04-13 20:32:52,132908,R64K,4529,0.02,Temp
2018-04-13 20:33:27,132908,R64K,4529,0.02,Temp
2018-04-13 20:34:45,132908,R64K,4529,0.02,Temp
2018-04-14 04:26:18,132908,R64K,4534,0.03,Temp
2018-04-14 04:27:33,132908,R64K,4534,0.03,Temp
2018-04-14 04:27:55,132908,R64K,4534,0.04,Temp
2018-04-14 04:28:24,132908,R64K,4534,0.04,Temp
2018-04-14 04:28:52,132908,R64K,4534,0.04,Temp
2018-04-14 04:29:46,132908,R64K,4534,0.04,Temp
2018-04-14 04:30:20,132908,R64K,4534,0.04,Temp
2018-04-14 04:31:18,132908,R64K,4534,0.05,Temp
2018-04-14 04:32:08,132908,R64K,4534,0.05,Temp
2018-04-14 04:32:41,132908,R64K,4534,0.05,Temp
2018-04-14 04:33:12,132908,R64K,4534,0.05,Temp
2018-04-14 04:33:56,132908,R64K,4534,0.05,Temp
2018-04-14 04:34:16,132908,R64K,4534,0.06,Temp
2018-04-14 04:35:09,132908,R64K,4534,0.06,Temp
2018-04-14 04:35:44,132908,R64K,4534,0.06,Temp
2018-04-14 04:36:15,132908,R64K,4534,0.06,Temp
2018-04-14 04:36:52,132908,R64K,4534,0.06,Temp
2018-04-14 04:37:21,132908,R64K,4534,0.07,Temp
2018-04-14 04:37:43,132908,R64K,4534,0.07,Temp
2018-04-14 04:38:25,132908,R64K,4534,0.07,Temp
2018-04-14 04:39:21,132908,R64K,4534,0.07,Temp
2018-04-14 04:39:56,132908,R64K,4534,0.07,Temp
2018-04-14 04:40:53,132908,R64K,4534,0.08,Temp
2018-04-14 04:41:51,132908,R64K,4534,0.08,Temp
2018-04-14 04:42:48,132908,R64K,4534,0.08,Temp
2018-04-14 04:43:17,132908,R64K,4534,0.08,Temp
2018-04-14 04:43:38,132908,R64K,4534,0.08,Temp
2018-04-14 04:44:23,132908,R64K,4534,0.09,Temp
2018-04-14 04:44:48,132908,R64K,4534,0.09,Temp
2018-04-14 04:45:28,132908,R64K,4534,0.09,Temp
2018-04-14 04:46:25,132908,R64K,4534,0.09,Temp
2018-04-14 04:46:46,132908,R64K,4534,0.09,Temp
2018-04-14 04:47:21,132908,R64K,4534,0.1,Temp
2018-04-14 04:47:50,132908,R64K,4534,0.1,Temp
2018-04-14 04:48:18,132908,R64K,4534,0.1,Temp
2018-04-14 04:49:05,132908,R64K,4534,0.1,Temp
2018-04-14 04:49:49,132908,R64K,4534,0.1,Temp
2018-04-14 04:50:35,132908,R64K,4534,0.11,Temp
2018-04-14 04:50:56,132908,R64K,4534,0.11,Temp
2018-04-14 04:51:22,132908,R64K,4534,0.11,Temp
2018-04-14 04:51:53,132908,R64K,4534,0.11,Temp
2018-04-14 04:52:29,132908,R64K,4534,0.11,Temp
2018-04-14 04:53:29,132908,R64K,4534,0.12,Temp
2018-04-14 04:54:11,132908,R64K,4534,0.12,Temp
2018-04-14 04:55:03,132908,R64K,4534,0.12,Temp
2018-04-14 04:55:52,132908,R64K,4534,0.12,Temp
2018-04-14 04:56:26,132908,R64K,4534,0.12,Temp
2018-04-14 04:57:24,132908,R64K,4534,0.13,Temp
2018-04-14 04:58:14,132908,R64K,4534,0.13,Temp
2018-04-14 04:58:58,132908,R64K,4534,0.13,Temp
2018-04-14 04:59:57,132908,R64K,4534,0.13,Temp
2018-04-14 05:00:39,132908,R64K,4534,0.13,Temp
2018-04-14 05:01:32,132908,R64K,4534,0.14,Temp
2018-04-14 05:01:53,132908,R64K,4534,0.14,Temp
2018-04-14 05:02:51,132908,R64K,4534,0.14,Temp
2018-04-14 05:03:21,132908,R64K,4534,0.14,Temp
2018-04-14 05:04:20,132908,R64K,4534,0.14,Temp
2018-04-14 05:05:02,132908,R64K,4534,0.15,Temp
2018-04-14 05:05:44,132908,R64K,4534,0.15,Temp
2018-04-14 05:06:30,132908,R64K,4534,0.15,Temp
2018-04-14 05:07:20,132908,R64K,4534,0.15,Temp
2018-04-14 05:08:16,132908,R64K,4534,0.15,Temp
2018-04-14 05:08:41,132908,R64K,4534,0.16,Temp
2018-04-14 05:09:26,132908,R64K,4534,0.16,Temp
2018-04-14 05:10:06,132908,R64K,4534,0.16,Temp
2018-04-14 05:10:32,132908,R64K,4534,0.16,Temp
2018-04-14 05:11:26,132908,R64K,4534,0.16,Temp
2018-04-14 05:11:52,132908,R64K,4534,0.17,Temp
2018-04-14 05:12:45,132908,R64K,4534,0.17,Temp
2018-04-14 05:13:23,132908,R64K,4534,0.17,Temp
2018-04-14 05:13:53,132908,R64K,4534,0.17,Temp
2018-04-14 05:14:15,132908,R64K,4534,0.17,Temp
2018-04-14 05:14:55,132908,R64K,4534,0.18,Temp
2018-04-14 05:15:47,132908,R64K,4534,0.18,Temp
2018-04-14 05:16:44,132908,R64K,4534,0.18,Temp
2018-04-14 05:17:24,132908,R64K,4534,0.18,Temp
2018-04-14 05:18:18,132908,R64K,4534,0.18,Temp
2018-04-14 05:18:50,132908,R64K,4534,0.19,Temp
2018-04-14 05:19:16,132908,R64K,4534,0.19,Temp
2018-04-14 05:19:47,132908,R64K,4534,0.19,Temp
2018-04-14 05:20:07,132908,R64K,4534,0.19,Temp
2018-04-14 05:20:46,132908,R64K,4534,0.19,Temp
2018-04-14 05:21:22,132908,R64K,4534,0.2,Temp
2018-04-14 05:21:59,132908,R64K,4534,0.2,Temp
2018-04-14 05:22:38,132908,R64K,4534,0.2,Temp
2018-04-14 05:23:06,132908,R64K,4534,0.2,Temp
2018-04-14 05:23:39,132908,R64K,4534,0.2,Temp
2018-04-14 05:24:37,132908,R64K,4534,0.21,Temp
2018-04-14 05:25:12,132908,R64K,4534,0.21,Temp
2018-04-14 05:25:49,132908,R64K,4534,0.21,Temp
2018-04-14 05:26:25,132908,R64K,4534,0.21,Temp
2018-04-14 05:26:50,132908,R64K,4534,0.21,Temp
2018-04-14 05:27:15,132908,R64K,4534,0.22,Temp
2018-04-14 05:27:58,132908,R64K,4534,0.22,Temp
2018-04-14 05:28:19,132908,R64K,4534,0.22,Temp
2018-04-14 05:29:10,132908,R64K,4534,0.22,Temp
2018-04-14 05:29:36,132908,R64K,4534,0.22,Temp
2018-04-14 05:30:23,132908,R64K,4534,0.23,Temp
2018-04-14 05:31:21,132908,R64K,4534,0.23,Temp
2018-04-14 05:32:21,132908,R64K,4534,0.23,Temp
2018-04-14 05:33:06,132908,R64K,4534,0.23,Temp
2018-04-14 05:33:50,132908,R64K,4534,0.23,Temp
2018-04-14 05:34:46,132908,R64K,4534,0.24,Temp
2018-04-14 05:35:40,132908,R64K,4534,0.24,Temp
2018-04-14 05:36:40,132908,R64K,4534,0.24,Temp
2018-04-14 05:37:30,132908,R64K,4534,0.24,Temp
2018-04-14 05:38:21,132908,R64K,4534,0.24,Temp
2018-04-14 05:38:55,132908,R64K,4534,0.25,Temp
2018-04-14 05:39:35,132908,R64K,4534,0.25,Temp
2018-04-14 05:40:34,132908,R64K,4534,0.25,Temp
2018-04-14 05:41:09,132908,R64K,4534,0.25,Temp
2018-04-14 05:41:30,132908,R64K,4534,0.25,Temp
2018-04-14 05:42:05,132908,R64K,4534,0.26,Temp
2018-04-14 05:43:02,132908,R64K,4534,0.26,Temp
2018-04-14 05:43:31,132908,R64K,4534,0.26,Temp
2018-04-14 05:44:20,132908,R64K,4534,0.26,Temp
2018-04-14 05:44:50,132908,R64K,4534,0.26,Temp
2018-04-14 05:45:16,132908,R64K,4534,0.27,Temp
2018-04-14 05:46:14,132908,R64K,4534,0.27,Temp
2018-04-14 05:46:44,132908,R64K,4534,0.27,Temp
2018-04-14 05:47:11,132908,R64K,4534,0.27,Temp
2018-04-14 05:47:44,132908,R64K,4534,0.27,Temp
2018-04-14 05:48:21,132908,R64K,4534,0.28,Temp
2018-04-14 05:49:10,132908,R64K,4534,0.28,Temp
2018-04-14 05:49:41,132908,R64K,4534,0.28,Temp
2018-04-14 05:50:06,132908,R64K,4534,0.28,Temp
2018-04-14 05:50:43,132908,R64K,4534,0.28,Temp
2018-04-14 05:51:36,132908,R64K,4534,0.29,Temp
2018-04-14 05:52:23,132908,R64K,4534,0.29,Temp
2018-04-14 05:53:05,132908,R64K,4534,0.29,Temp
2018-04-14 05:53:42,132908,R64K,4534,0.29,Temp
2018-04-14 05:54:03,132908,R64K,4534,0.29,Temp
2018-04-14 05:54:30,132908,R64K,4534,0.3,Temp
2018-04-14 05:55:29,132908,R64K,4534,0.3,Temp
2018-04-14 05:56:08,132908,R64K,4534,0.3,Temp
2018-04-14 05:56:29,132908,R64K,4534,0.3,Temp
2018-04-14 05:57:21,132908,R64K,4534,0.3,Temp
2018-04-14 05:57:48,132908,R64K,4534,0.31,Temp
2018-04-14 05:58:43,132908,R64K,4534,0.31,Temp
2018-04-14 05:59:27,132908,R64K,4534,0.31,Temp
2018-04-14 06:00:27,132908,R64K,4534,0.31,Temp
2018-04-14 06:00:49,132908,R64K,4534,0.31,Temp
2018-04-14 06:01:48,132908,R64K,4534,0.32,Temp
2018-04-14 06:02:19,132908,R64K,4534,0.32,Temp
2018-04-14 06:03:11,132908,R64K,4534,0.32,Temp
2018-04-14 06:03:31,132908,R64K,4534,0.32,Temp
2018-04-14 06:04:05,132908,R64K,4534,0.32,Temp
2018-04-14 06:04:45,132908,R64K,4534,0.33,Temp
2018-04-14 06:05:36,132908,R64K,4534,0.33,Temp
2018-04-14 06:06:15,132908,R64K,4534,0.33,Temp
2018-04-14 06:06:42,132908,R64K,4534,0.33,Temp
2018-04-14 06:07:08,132908,R64K,4534,0.33,Temp
2018-04-14 06:08:04,132908,R64K,4534,0.34,Temp
2018-04-14 06:08:36,132908,R64K,4534,0.34,Temp
2018-04-14 06:09:13,132908,R64K,4534,0.34,Temp
2018-04-14 06:09:46,132908,R64K,4534,0.34,Temp
2018-04-14 06:10:29,132908,R64K,4534,0.34,Temp
2018-04-14 06:10:50,132908,R64K,4534,0.35,Temp
2018-04-14 06:11:10,132908,R64K,4534,0.35,Temp
2018-04-14 06:11:59,132908,R64K,4534,0.35,Temp
2018-04-14 06:12:21,132908,R64K,4534,0.35,Temp
2018-04-14 06:13:09,132908,R64K,4534,0.35,Temp
2018-04-14 06:14:00,132908,R64K,4534,0.36,Temp
2018-04-14 06:14:21,132908,R64K,4534,0.36,Temp
2018-04-14 06:15:11,132908,R64K,4534,0.36,Temp
2018-04-14 06:15:35,132908,R64K,4534,0.36,Temp
2018-04-14 06:16:17,132908,R64K,4534,0.36,Temp
2018-04-14 06:17:04,132908,R64K,4534,0.37,Temp
2018-04-14 06:17:59,132908,R64K,4534,0.37,Temp
2018-04-14 06:18:29,132908,R64K,4534,0.37,Temp
2018-04-14 06:19:26,132908,R64K,4534,0.37,Temp
2018-04-14 06:19:46,132908,R64K,4534,0.37,Temp
2018-04-14 06:20:41,132908,R64K,4534,0.38,Temp
2018-04-14 06:21:26,132908,R64K,4534,0.38,Temp
2018-04-14 06:21:59,132908,R64K,4534,0.38,Temp
2018-04-14 06:22:41,132908,R64K,4534,0.38,Temp
2018-04-14 06:23:37,132908,R64K,4534,0.38,Temp
2018-04-14 06:24:00,132908,R64K,4534,0.39,Temp
2018-04-14 06:24:56,132908,R64K,4534,0.39,Temp
2018-04-14 06:25:32,132908,R64K,4534,0.39,Temp
2018-04-14 06:26:25,132908,R64K,4534,0.39,Temp
2018-04-14 06:26:50,132908,R64K,4534,0.39,Temp
2018-04-14 06:27:30,132908,R64K,4534,0.4,Temp
2018-04-14 06:27:50,132908,R64K,4534,0.4,Temp
2018-04-14 06:28:17,132908,R64K,4534,0.4,Temp
2018-04-14 06:28:48,132908,R64K,4534,0.4,Temp
2018-04-14 06:29:19,132908,R64K,4534,0.4,Temp
2018-04-14 06:29:46,132908,R64K,4534,0.41,Temp
2018-04-14 06:30:25,132908,R64K,4534,0.41,Temp
2018-04-14 06:31:22,132908,R64K,4534,0.41,Temp
2018-04-14 06:32:02,132908,R64K,4534,0.41,Temp
2018-04-14 06:32:43,132908,R64K,4534,0.41,Temp
2018-04-14 06:33:15,132908,R64K,4534,0.42,Temp
2018-04-14 06:33:50,132908,R64K,4534,0.42,Temp
2018-04-14 06:34:14,132908,R64K,4534,0.42,Temp
2018-04-14 06:34:52,132908,R64K,4534,0.42,Temp
2018-04-14 06:35:16,132908,R64K,4534,0.42,Temp
2018-04-14 06:36:04,132908,R64K,4534,0.43,Temp
2018-04-14 06:37:54,132908,R64K,4534,0.43,Temp
2018-04-14 06:38:44,132908,R64K,4534,0.43,Temp
2018-04-14 06:39:26,132908,R64K,4534,0.43,Temp
2018-04-14 06:39:50,132908,R64K,4534,0.43,Temp
2018-04-14 06:40:18,132908,R64K,4534,0.44,Temp
2018-04-14 06:41:13,132908,R64K,4534,0.44,Temp
2018-04-14 06:41:52,132908,R64K,4534,0.44,Temp
2018-04-14 06:42:33,132908,R64K,4534,0.44,Temp
2018-04-14 06:43:45,132908,R64K,4534,0.44,Temp
2018-04-14 06:44:45,132908,R64K,4534,0.45,Temp
2018-04-14 06:45:39,132908,R64K,4534,0.45,Temp
2018-04-14 06:46:38,132908,R64K,4534,0.45,Temp
2018-04-14 06:46:58,132908,R64K,4534,0.45,Temp
2018-04-14 06:47:26,132908,R64K,4534,0.45,Temp
2018-04-14 06:48:38,132908,R64K,4534,0.46,Temp
2018-04-14 06:50:55,132908,R64K,4534,0.46,Temp
2018-04-14 06:51:43,132908,R64K,4534,0.46,Temp
2018-04-14 06:54:54,132908,R64K,4534,0.46,Temp
2018-04-14 06:55:17,132908,R64K,4534,0.46,Temp
2018-04-14 06:55:42,132908,R64K,4534,0.47,Temp
2018-04-14 06:56:32,132908,R64K,4534,0.47,Temp
2018-04-14 06:57:32,132908,R64K,4534,0.47,Temp
2018-04-14 06:58:57,132908,R64K,4534,0.47,Temp
2018-04-14 06:59:56,132908,R64K,4534,0.47,Temp
2018-04-14 20:10:08,132908,R64K,4541,0.48,Temp
2018-04-14 20:11:01,132908,R64K,4541,0.48,Temp
2018-04-14 20:11:21,132908,R64K,4541,0.48,Temp
2018-04-14 20:12:00,132908,R64K,4541,0.48,Temp
2018-04-14 20:12:50,132908,R64K,4541,0.48,Temp
2018-04-14 20:13:24,132908,R64K,4541,0.49,Temp
2018-04-14 20:14:17,132908,R64K,4541,0.49,Temp
2018-04-14 20:14:38,132908,R64K,4541,0.49,Temp
2018-04-14 20:15:07,132908,R64K,4541,0.49,Temp
2018-04-14 20:16:27,132908,R64K,4541,0.49,Temp
2018-04-14 20:17:07,132908,R64K,4541,0.5,Temp
2018-04-16 15:25:07,132908,R64K,4477,0.57,Temp
2018-04-16 15:25:36,132908,R64K,4477,0.57,Temp
2018-04-16 15:26:08,132908,R64K,4477,0.57,Temp
2018-04-16 15:26:50,132908,R64K,4477,0.57,Temp
2018-04-16 15:27:29,132908,R64K,4477,0.58,Temp
2018-04-16 15:27:50,132908,R64K,4477,0.58,Temp
2018-04-16 15:28:13,132908,R64K,4477,0.58,Temp
2018-04-16 15:28:35,132908,R64K,4477,0.58,Temp
2018-04-16 15:30:42,132908,R64K,4477,0.58,Temp
2018-04-17 10:12:12,132908,R64K,4515,0.61,Temp
2018-04-17 10:12:42,132908,R64K,4515,0.61,Temp
2018-04-17 10:13:40,132908,R64K,4515,0.61,Temp
2018-04-17 10:14:35,132908,R64K,4515,0.62,Temp
2018-04-17 10:15:04,132908,R64K,4515,0.62,Temp
2018-04-17 10:16:03,132908,R64K,4515,0.62,Temp
2018-04-17 10:17:03,132908,R64K,4515,0.62,Temp
2018-04-17 10:18:03,132908,R64K,4515,0.62,Temp
2018-04-17 11:49:59,132908,R64K,4508,0.63,Temp
2018-04-17 11:50:33,132908,R64K,4508,0.63,Temp
2018-04-17 11:51:25,132908,R64K,4508,0.63,Temp
2018-04-17 11:52:20,132908,R64K,4508,0.63,Temp
2018-04-17 11:52:53,132908,R64K,4508,0.63,Temp
2018-04-17 11:53:39,132908,R64K,4508,0.64,Temp
2018-04-17 11:54:17,132908,R64K,4508,0.64,Temp
2018-04-17 11:54:49,132908,R64K,4508,0.64,Temp
2018-04-17 14:25:28,132908,R64K,4526,0.64,Temp
2018-04-17 14:26:16,132908,R64K,4526,0.64,Temp
2018-04-17 14:26:56,132908,R64K,4526,0.65,Temp
2018-04-17 14:27:32,132908,R64K,4526,0.65,Temp
2018-04-17 14:28:23,132908,R64K,4526,0.65,Temp
2018-04-17 14:29:38,132908,R64K,4526,0.65,Temp
2018-04-17 14:31:14,132908,R64K,4526,0.65,Temp
2018-04-17 14:31:38,132908,R64K,4526,0.66,Temp
2018-04-17 14:32:27,132908,R64K,4526,0.66,Temp
2018-04-17 14:33:03,132908,R64K,4526,0.66,Temp
2018-04-17 14:34:03,132908,R64K,4526,0.66,Temp
2018-04-17 14:34:44,132908,R64K,4526,0.66,Temp
2018-04-17 14:35:18,132908,R64K,4526,0.67,Temp
2018-04-17 14:36:08,132908,R64K,4526,0.67,Temp
2018-04-17 14:36:35,132908,R64K,4526,0.67,Temp
2018-04-17 14:37:29,132908,R64K,4526,0.67,Temp
2018-04-17 14:38:22,132908,R64K,4526,0.67,Temp
2018-04-17 14:39:10,132908,R64K,4526,0.68,Temp
2018-04-17 14:39:32,132908,R64K,4526,0.68,Temp
2018-04-17 14:40:22,132908,R64K,4526,0.68,Temp
2018-04-17 14:40:42,132908,R64K,4526,0.68,Temp
2018-04-17 14:42:03,132908,R64K,4526,0.68,Temp
2018-04-17 14:43:00,132908,R64K,4526,0.69,Temp
2018-04-17 14:43:53,132908,R64K,4526,0.69,Temp
2018-04-17 14:44:28,132908,R64K,4526,0.69,Temp
2018-04-17 14:45:05,132908,R64K,4526,0.69,Temp
2018-04-17 14:45:56,132908,R64K,4526,0.69,Temp
2018-04-17 14:46:28,132908,R64K,4526,0.7,Temp
2018-04-17 14:47:10,132908,R64K,4526,0.7,Temp
2018-04-17 14:48:08,132908,R64K,4526,0.7,Temp
2018-04-17 14:48:49,132908,R64K,4526,0.7,Temp
2018-04-17 14:49:18,132908,R64K,4526,0.7,Temp
2018-04-17 14:49:56,132908,R64K,4526,0.71,Temp
2018-04-17 14:51:25,132908,R64K,4526,0.71,Temp
2018-04-17 14:52:13,132908,R64K,4526,0.71,Temp
2018-04-17 14:53:06,132908,R64K,4526,0.71,Temp
2018-04-17 14:54:03,132908,R64K,4526,0.71,Temp
2018-04-17 14:54:59,132908,R64K,4526,0.72,Temp
2018-04-17 14:55:54,132908,R64K,4526,0.72,Temp
2018-04-17 14:56:45,132908,R64K,4526,0.72,Temp
2018-04-17 14:57:09,132908,R64K,4526,0.72,Temp
2018-04-17 14:57:34,132908,R64K,4526,0.72,Temp
2018-04-17 14:58:19,132908,R64K,4526,0.73,Temp
2018-04-17 15:03:06,132908,R64K,4526,0.73,Temp
2018-04-18 00:32:45,132908,R64K,4465,0.81,Temp
2018-04-18 00:33:19,132908,R64K,4465,0.82,Temp
2018-04-18 00:33:43,132908,R64K,4465,0.82,Temp
2018-04-18 00:34:18,132908,R64K,4465,0.82,Temp
2018-04-18 00:35:17,132908,R64K,4465,0.82,Temp
2018-04-18 00:35:38,132908,R64K,4465,0.82,Temp
2018-04-18 00:55:48,132908,R64K,4510,0.83,Temp
2018-04-18 00:56:31,132908,R64K,4510,0.83,Temp
2018-04-18 00:57:16,132908,R64K,4510,0.83,Temp
2018-04-18 00:58:03,132908,R64K,4510,0.83,Temp
2018-04-18 00:58:33,132908,R64K,4510,0.83,Temp
2018-04-18 00:59:16,132908,R64K,4510,0.84,Temp
2018-04-18 00:59:50,132908,R64K,4510,0.84,Temp
2018-04-18 01:00:30,132908,R64K,4510,0.84,Temp
2018-04-18 01:01:15,132908,R64K,4510,0.84,Temp
2018-04-18 01:01:54,132908,R64K,4510,0.84,Temp
2018-04-18 01:02:30,132908,R64K,4510,0.85,Temp
2018-04-18 01:02:54,132908,R64K,4510,0.85,Temp
2018-04-18 01:03:30,132908,R64K,4510,0.85,Temp
2018-04-18 01:03:57,132908,R64K,4510,0.85,Temp
2018-04-18 01:04:42,132908,R64K,4510,0.85,Temp
2018-04-18 05:35:44,132908,R64K,4456,1.1,Temp
2018-04-18 05:36:43,132908,R64K,4456,1.11,Temp
2018-04-18 05:38:25,132908,R64K,4456,1.11,Temp
2018-04-18 05:39:20,132908,R64K,4456,1.12,Temp
2018-04-18 05:39:54,132908,R64K,4456,1.12,Temp
2018-04-18 05:40:21,132908,R64K,4456,1.12,Temp
2018-04-18 05:40:41,132908,R64K,4456,1.13,Temp
2018-04-18 05:41:28,132908,R64K,4456,1.13,Temp
2018-04-18 05:41:51,132908,R64K,4456,1.13,Temp
2018-04-18 05:42:21,132908,R64K,4456,1.13,Temp
2018-04-18 05:43:18,132908,R64K,4456,1.14,Temp
2018-04-18 05:44:15,132908,R64K,4456,1.14,Temp
2018-04-18 05:44:35,132908,R64K,4456,1.14,Temp
2018-04-18 05:46:55,132908,R64K,4456,1.15,Temp
2018-04-18 20:44:39,132908,R64K,4451,3.65,Temp
2018-04-18 20:46:01,132908,R64K,4451,3.65,Temp
2018-04-18 20:46:53,132908,R64K,4451,3.65,Temp
2018-04-18 20:47:15,132908,R64K,4451,3.65,Temp
2018-04-18 20:47:43,132908,R64K,4451,3.65,Temp
2018-04-18 20:48:30,132908,R64K,4451,3.66,Temp
2018-04-18 20:48:52,132908,R64K,4451,3.66,Temp
2018-04-18 20:49:52,132908,R64K,4451,3.66,Temp
2018-04-18 20:50:40,132908,R64K,4451,3.66,Temp
2018-04-18 20:51:26,132908,R64K,4451,3.66,Temp
2018-04-18 20:51:51,132908,R64K,4451,3.67,Temp
2018-04-18 20:52:43,132908,R64K,4451,3.67,Temp
2018-04-18 23:19:22,132908,R64K,4509,3.76,Temp
2018-04-18 23:20:19,132908,R64K,4509,3.76,Temp
2018-04-18 23:20:25,132908,R64K,4516,3.76,Temp
2018-04-18 23:20:50,132908,R64K,4509,3.76,Temp
2018-04-18 23:21:15,132908,R64K,4516,3.77,Temp
2018-04-18 23:21:41,132908,R64K,4509,3.77,Temp
2018-04-18 23:22:00,132908,R64K,4516,3.77,Temp
2018-04-18 23:22:32,132908,R64K,4509,3.77,Temp
2018-04-18 23:22:45,132908,R64K,4516,3.78,Temp
2018-04-18 23:22:56,132908,R64K,4509,3.78,Temp
2018-04-18 23:23:15,132908,R64K,4516,3.78,Temp
2018-04-18 23:23:39,132908,R64K,4509,3.78,Temp
2018-04-18 23:23:46,132908,R64K,4516,3.78,Temp
2018-04-18 23:24:09,132908,R64K,4516,3.79,Temp
2018-04-18 23:24:19,132908,R64K,4509,3.79,Temp
2018-04-18 23:24:30,132908,R64K,4516,3.79,Temp
2018-04-18 23:24:39,132908,R64K,4509,3.79,Temp
2018-04-18 23:24:59,132908,R64K,4516,3.79,Temp
2018-04-18 23:25:29,132908,R64K,4516,3.8,Temp
2018-04-18 23:25:35,132908,R64K,4509,3.8,Temp
2018-04-18 23:25:49,132908,R64K,4516,3.8,Temp
2018-04-18 23:26:16,132908,R64K,4509,3.8,Temp
2018-04-18 23:26:37,132908,R64K,4516,3.8,Temp
2018-04-18 23:27:12,132908,R64K,4509,3.81,Temp
2018-04-18 23:27:20,132908,R64K,4516,3.81,Temp
2018-04-18 23:28:04,132908,R64K,4509,3.81,Temp
2018-04-18 23:28:11,132908,R64K,4516,3.81,Temp
2018-04-18 23:28:34,132908,R64K,4516,3.82,Temp
2018-04-18 23:28:47,132908,R64K,4509,3.82,Temp
2018-04-18 23:29:14,132908,R64K,4509,3.82,Temp
2018-04-18 23:29:41,132908,R64K,4516,3.82,Temp
2018-04-18 23:52:35,132908,R64K,4457,3.84,Temp
2018-04-18 23:53:07,132908,R64K,4457,3.85,Temp
2018-04-18 23:53:59,132908,R64K,4457,3.85,Temp
2018-04-18 23:54:59,132908,R64K,4457,3.86,Temp
2018-04-18 23:55:42,132908,R64K,4457,3.86,Temp
2018-04-18 23:56:28,132908,R64K,4457,3.86,Temp
2018-04-18 23:58:21,132908,R64K,4457,3.87,Temp
2018-04-19 03:06:27,132908,R64K,4505,4.05,Temp
2018-04-19 03:07:09,132908,R64K,4505,4.06,Temp
2018-04-19 03:08:08,132908,R64K,4505,4.06,Temp
2018-04-19 03:08:41,132908,R64K,4505,4.07,Temp
2018-04-19 03:09:34,132908,R64K,4505,4.07,Temp
2018-04-19 03:10:08,132908,R64K,4505,4.07,Temp
2018-04-19 03:11:06,132908,R64K,4505,4.08,Temp
2018-04-19 03:11:39,132908,R64K,4505,4.08,Temp
2018-04-19 03:12:18,132908,R64K,4505,4.08,Temp
2018-04-19 03:13:10,132908,R64K,4505,4.09,Temp
2018-04-19 03:13:37,132908,R64K,4505,4.09,Temp
2018-04-19 03:13:57,132908,R64K,4505,4.09,Temp
2018-04-19 03:14:35,132908,R64K,4505,4.1,Temp
2018-04-19 03:15:17,132908,R64K,4505,4.1,Temp
2018-04-19 03:16:01,132908,R64K,4505,4.11,Temp
2018-04-19 03:16:31,132908,R64K,4505,4.11,Temp
2018-04-19 03:18:14,132908,R64K,4505,4.12,Temp
2018-04-19 03:21:05,132908,R64K,4474,4.13,Temp
2018-04-19 03:21:58,132908,R64K,4474,4.13,Temp
2018-04-19 03:22:24,132908,R64K,4474,4.14,Temp
2018-04-19 03:22:51,132908,R64K,4474,4.14,Temp
2018-04-19 03:23:38,132908,R64K,4474,4.14,Temp
2018-04-19 03:24:35,132908,R64K,4474,4.14,Temp
2018-04-19 03:24:57,132908,R64K,4474,4.15,Temp
2018-04-19 03:25:38,132908,R64K,4474,4.15,Temp
2018-04-19 03:26:11,132908,R64K,4474,4.15,Temp
2018-04-19 03:27:04,132908,R64K,4474,4.15,Temp
2018-04-19 03:32:23,132908,R64K,4474,4.15,Temp
2018-04-19 12:33:18,132908,R64K,4532,4.6,Temp
2018-04-19 12:34:44,132908,R64K,4532,4.6,Temp
2018-04-19 12:35:16,132908,R64K,4532,4.6,Temp
2018-04-19 12:35:51,132908,R64K,4532,4.6,Temp
2018-04-19 12:36:26,132908,R64K,4532,4.61,Temp
2018-04-19 12:37:21,132908,R64K,4532,4.61,Temp
2018-04-19 12:38:32,132908,R64K,4532,4.61,Temp
2018-04-19 12:39:22,132908,R64K,4532,4.61,Temp
2018-04-19 12:39:51,132908,R64K,4532,4.61,Temp
2018-04-19 20:13:10,132908,R64K,4547,5.17,Temp
2018-04-19 20:13:50,132908,R64K,4547,5.17,Temp
2018-04-19 20:14:13,132908,R64K,4547,5.17,Temp
2018-04-19 20:15:11,132908,R64K,4547,5.17,Temp
2018-04-19 20:15:32,132908,R64K,4547,5.17,Temp
2018-04-19 20:16:22,132908,R64K,4547,5.18,Temp
2018-04-19 20:16:57,132908,R64K,4547,5.18,Temp
2018-04-19 20:17:37,132908,R64K,4547,5.18,Temp
2018-04-19 20:18:00,132908,R64K,4547,5.18,Temp
2018-04-19 20:18:53,132908,R64K,4547,5.18,Temp
2018-04-19 20:19:31,132908,R64K,4547,5.19,Temp
2018-04-19 21:33:28,132908,R64K,4462,5.24,Temp
2018-04-19 21:33:51,132908,R64K,4462,5.24,Temp
2018-04-19 21:34:44,132908,R64K,4462,5.24,Temp
2018-04-19 21:35:07,132908,R64K,4462,5.24,Temp
2018-04-19 21:36:07,132908,R64K,4462,5.25,Temp
2018-04-19 21:36:33,132908,R64K,4462,5.25,Temp
2018-04-19 21:37:32,132908,R64K,4462,5.25,Temp
2018-04-19 21:38:28,132908,R64K,4462,5.25,Temp
2018-04-19 21:39:24,132908,R64K,4462,5.26,Temp
2018-04-19 21:39:45,132908,R64K,4462,5.26,Temp
2018-04-19 21:40:10,132908,R64K,4462,5.26,Temp
2018-04-19 21:40:36,132908,R64K,4462,5.26,Temp
2018-04-19 21:41:02,132908,R64K,4462,5.27,Temp
2018-04-19 21:41:34,132908,R64K,4462,5.27,Temp
2018-04-19 21:42:08,132908,R64K,4462,5.27,Temp
2018-04-19 21:43:46,132908,R64K,4462,5.27,Temp
2018-04-19 21:44:30,132908,R64K,4462,5.27,Temp
2018-04-19 21:45:36,132908,R64K,4462,5.28,Temp
2018-04-19 21:46:17,132908,R64K,4462,5.28,Temp
2018-04-19 23:46:20,132908,R64K,4494,5.36,Temp
2018-04-19 23:47:02,132908,R64K,4494,5.36,Temp
2018-04-19 23:48:00,132908,R64K,4494,5.36,Temp
2018-04-19 23:48:42,132908,R64K,4494,5.36,Temp
2018-04-19 23:49:31,132908,R64K,4494,5.36,Temp
2018-04-19 23:50:16,132908,R64K,4494,5.37,Temp
2018-04-20 00:42:00,132908,R64K,4454,5.37,Temp
2018-04-20 00:42:42,132908,R64K,4454,5.37,Temp
2018-04-20 00:43:25,132908,R64K,4454,5.37,Temp
2018-04-20 00:44:07,132908,R64K,4454,5.38,Temp
2018-04-20 00:44:54,132908,R64K,4454,5.38,Temp
2018-04-20 00:45:50,132908,R64K,4454,5.38,Temp
2018-04-20 00:46:49,132908,R64K,4454,5.39,Temp
2018-04-20 00:48:08,132908,R64K,4454,5.39,Temp
2018-04-20 00:48:39,132908,R64K,4454,5.4,Temp
2018-04-20 00:50:34,132908,R64K,4454,5.4,Temp
2018-04-20 04:45:06,132908,R64K,4521,5.54,Temp
2018-04-20 04:45:55,132908,R64K,4521,5.54,Temp
2018-04-20 04:46:35,132908,R64K,4521,5.55,Temp
2018-04-20 04:47:09,132908,R64K,4521,5.55,Temp
2018-04-20 04:48:04,132908,R64K,4521,5.55,Temp
2018-04-20 04:48:52,132908,R64K,4521,5.56,Temp
2018-04-20 11:01:00,132908,R64K,4453,5.82,Temp
2018-04-20 11:02:45,132908,R64K,4453,5.82,Temp
2018-04-20 11:03:06,132908,R64K,4453,5.82,Temp
2018-04-20 11:03:44,132908,R64K,4453,5.83,Temp
2018-04-20 11:04:37,132908,R64K,4453,5.83,Temp
2018-04-20 16:23:37,132908,R64K,4459,5.96,Temp
2018-04-20 16:24:47,132908,R64K,4459,5.96,Temp
2018-04-20 16:25:41,132908,R64K,4459,5.96,Temp
2018-04-20 16:27:06,132908,R64K,4459,5.97,Temp
2018-04-20 16:27:34,132908,R64K,4459,5.97,Temp
2018-04-20 16:28:29,132908,R64K,4459,5.97,Temp
2018-04-20 16:29:18,132908,R64K,4459,5.97,Temp
2018-04-20 16:29:38,132908,R64K,4459,5.97,Temp
2018-04-20 18:07:46,132908,R64K,4490,6.27,Temp
2018-04-20 18:08:13,132908,R64K,4490,6.28,Temp
2018-04-20 18:10:55,132908,R64K,4490,6.28,Temp
2018-04-20 18:11:47,132908,R64K,4490,6.28,Temp
2018-04-20 18:12:19,132908,R64K,4490,6.28,Temp
2018-04-20 18:12:53,132908,R64K,4490,6.28,Temp
2018-04-20 18:13:46,132908,R64K,4490,6.29,Temp
2018-04-20 18:14:30,132908,R64K,4490,6.29,Temp
2018-04-20 18:15:18,132908,R64K,4490,6.29,Temp
2018-04-20 19:15:13,132908,R64K,4496,6.37,Temp
2018-04-20 19:15:59,132908,R64K,4496,6.37,Temp
2018-04-20 19:16:34,132908,R64K,4496,6.37,Temp
2018-04-20 19:17:06,132908,R64K,4496,6.37,Temp
2018-04-20 19:17:59,132908,R64K,4496,6.37,Temp
2018-04-20 19:18:51,132908,R64K,4496,6.38,Temp
2018-04-20 19:19:34,132908,R64K,4496,6.38,Temp
2018-04-20 19:20:05,132908,R64K,4496,6.38,Temp
2018-04-20 19:21:41,132908,R64K,4496,6.39,Temp
2018-04-20 19:43:23,132908,R64K,4498,6.48,Temp
2018-04-20 19:44:20,132908,R64K,4498,6.48,Temp
2018-04-20 19:45:44,132908,R64K,4498,6.49,Temp
2018-04-20 19:46:21,132908,R64K,4498,6.49,Temp
2018-04-20 19:46:59,132908,R64K,4498,6.49,Temp
2018-04-20 19:47:47,132908,R64K,4498,6.5,Temp
2018-04-20 20:05:26,132908,R64K,4502,6.52,Temp
2018-04-20 20:06:14,132908,R64K,4502,6.52,Temp
2018-04-20 20:06:47,132908,R64K,4502,6.52,Temp
2018-04-20 20:07:35,132908,R64K,4502,6.53,Temp
2018-04-20 20:08:10,132908,R64K,4502,6.53,Temp
2018-04-20 20:09:04,132908,R64K,4502,6.53,Temp
2018-04-20 20:09:42,132908,R64K,4502,6.53,Temp
2018-04-20 20:10:21,132908,R64K,4502,6.53,Temp
2018-04-20 20:11:21,132908,R64K,4502,6.54,Temp
2018-04-21 22:01:57,132908,R64K,4469,8.83,Temp
2018-04-21 22:03:31,132908,R64K,4469,8.84,Temp
2018-04-21 22:04:09,132908,R64K,4469,8.85,Temp
2018-04-21 22:04:56,132908,R64K,4469,8.85,Temp
2018-04-21 22:05:55,132908,R64K,4469,8.85,Temp
2018-04-21 22:06:30,132908,R64K,4469,8.86,Temp
2018-04-21 22:06:55,132908,R64K,4469,8.86,Temp
2018-04-21 22:07:31,132908,R64K,4469,8.86,Temp
2018-04-21 22:10:41,132908,R64K,4469,8.87,Temp
2018-04-22 01:59:41,132908,R64K,4549,9.47,Temp
2018-04-22 02:01:21,132908,R64K,4549,9.47,Temp
2018-04-22 02:01:45,132908,R64K,4549,9.47,Temp
2018-04-22 02:02:07,132908,R64K,4549,9.48,Temp
2018-04-22 02:02:35,132908,R64K,4549,9.48,Temp
2018-04-22 02:03:00,132908,R64K,4549,9.48,Temp
2018-04-22 02:03:40,132908,R64K,4549,9.48,Temp
2018-04-22 02:04:12,132908,R64K,4549,9.49,Temp
2018-04-22 02:05:37,132908,R64K,4549,9.49,Temp
2018-04-22 21:03:18,132908,R64K,4524,12.14,Temp
2018-04-22 21:03:42,132908,R64K,4524,12.14,Temp
2018-04-22 21:04:12,132908,R64K,4524,12.15,Temp
2018-04-22 21:04:48,132908,R64K,4524,12.15,Temp
2018-04-22 21:05:30,132908,R64K,4524,12.15,Temp
2018-04-22 21:06:02,132908,R64K,4524,12.15,Temp
2018-04-23 10:51:24,132908,R64K,4486,13.04,Temp
2018-04-23 10:51:57,132908,R64K,4486,13.05,Temp
2018-04-23 10:52:54,132908,R64K,4486,13.05,Temp
2018-04-23 10:53:21,132908,R64K,4486,13.05,Temp
2018-04-23 10:53:53,132908,R64K,4486,13.05,Temp
2018-04-24 08:56:25,132908,R64K,4466,13.54,Temp
2018-04-24 08:57:04,132908,R64K,4466,13.54,Temp
2018-04-24 08:57:45,132908,R64K,4466,13.54,Temp
2018-04-24 08:58:20,132908,R64K,4466,13.55,Temp
2018-04-25 19:31:47,132908,R64K,4481,14.28,Temp
2018-04-25 19:32:26,132908,R64K,4481,14.29,Temp
2018-04-25 19:33:19,132908,R64K,4481,14.3,Temp
2018-04-25 19:34:11,132908,R64K,4481,14.3,Temp
2018-04-25 19:34:46,132908,R64K,4481,14.31,Temp
2018-04-25 19:35:42,132908,R64K,4481,14.31,Temp
2018-04-25 19:36:10,132908,R64K,4481,14.32,Temp
2018-04-25 19:37:55,132908,R64K,4481,14.33,Temp
2018-04-25 19:59:00,132908,R64K,4503,14.38,Temp
2018-04-25 19:59:21,132908,R64K,4503,14.38,Temp
2018-04-25 19:59:54,132908,R64K,4503,14.38,Temp
2018-04-25 20:00:24,132908,R64K,4503,14.38,Temp
2018-04-25 20:04:39,132908,R64K,4503,14.38,Temp
2018-04-26 17:32:25,132908,R64K,4484,14.59,Temp
2018-04-26 17:33:05,132908,R64K,4484,14.6,Temp
2018-04-26 17:33:39,132908,R64K,4484,14.6,Temp
2018-04-26 17:36:06,132908,R64K,4484,14.6,Temp
2018-04-26 23:29:55,132908,R64K,4514,14.78,Temp
2018-04-26 23:30:42,132908,R64K,4514,14.78,Temp
2018-04-26 23:31:25,132908,R64K,4514,14.79,Temp
2018-04-26 23:32:18,132908,R64K,4514,14.79,Temp
2018-04-26 23:32:55,132908,R64K,4514,14.8,Temp
2018-04-26 23:33:19,132908,R64K,4514,14.8,Temp
2018-04-26 23:33:58,132908,R64K,4514,14.81,Temp
2018-04-26 23:34:25,132908,R64K,4514,14.81,Temp
2018-04-26 23:35:19,132908,R64K,4514,14.82,Temp
2018-04-26 23:35:44,132908,R64K,4514,14.82,Temp
2018-04-26 23:36:23,132908,R64K,4514,14.82,Temp
2018-04-26 23:36:51,132908,R64K,4514,14.83,Temp
2018-04-26 23:37:44,132908,R64K,4514,14.84,Temp
2018-04-26 23:38:33,132908,R64K,4514,14.85,Temp
2018-04-26 23:40:24,132908,R64K,4514,14.86,Temp
2018-04-27 05:25:43,132908,R64K,4470,15.43,Temp
2018-04-27 05:26:28,132908,R64K,4470,15.43,Temp
2018-04-27 05:27:08,132908,R64K,4470,15.43,Temp
2018-04-27 05:27:54,132908,R64K,4470,15.44,Temp
2018-04-27 05:28:53,132908,R64K,4470,15.44,Temp
2018-04-27 05:29:22,132908,R64K,4470,15.44,Temp
2018-04-27 05:29:48,132908,R64K,4470,15.44,Temp
2018-04-27 05:30:41,132908,R64K,4470,15.44,Temp
2018-04-27 16:12:32,132908,R64K,4543,15.51,Temp
2018-04-27 16:13:00,132908,R64K,4543,15.52,Temp
2018-04-27 16:13:27,132908,R64K,4543,15.52,Temp
2018-04-27 16:13:53,132908,R64K,4543,15.52,Temp
2018-04-27 16:14:13,132908,R64K,4543,15.52,Temp
2018-04-27 16:15:00,132908,R64K,4543,15.53,Temp
2018-04-27 16:15:53,132908,R64K,4543,15.53,Temp
2018-04-27 16:16:49,132908,R64K,4543,15.53,Temp
2018-04-27 16:17:28,132908,R64K,4543,15.53,Temp
2018-04-27 16:17:53,132908,R64K,4543,15.53,Temp
2018-04-27 16:18:45,132908,R64K,4543,15.54,Temp
2018-04-27 16:19:11,132908,R64K,4543,15.54,Temp
2018-04-28 23:07:40,132908,R64K,4480,18.3,Temp
2018-04-28 23:08:09,132908,R64K,4480,18.31,Temp
2018-04-28 23:09:02,132908,R64K,4480,18.32,Temp
2018-04-28 23:43:41,132908,R64K,4536,18.48,Temp
2018-04-28 23:44:18,132908,R64K,4536,18.49,Temp
2018-04-28 23:45:06,132908,R64K,4536,18.49,Temp
2018-04-28 23:45:57,132908,R64K,4536,18.49,Temp
2018-04-28 23:46:26,132908,R64K,4536,18.49,Temp
2018-04-28 23:47:03,132908,R64K,4536,18.5,Temp
2018-04-28 23:47:53,132908,R64K,4536,18.5,Temp
2018-04-28 23:48:59,132908,R64K,4536,18.5,Temp
2018-04-28 23:49:29,132908,R64K,4536,18.5,Temp
2018-04-28 23:50:27,132908,R64K,4536,18.51,Temp
2018-04-29 01:12:45,132908,R64K,4545,18.51,Temp
2018-04-29 01:13:43,132908,R64K,4545,18.51,Temp
2018-04-29 01:14:29,132908,R64K,4545,18.51,Temp
2018-04-29 01:15:19,132908,R64K,4545,18.51,Temp
2018-04-29 01:15:52,132908,R64K,4545,18.52,Temp
2018-04-29 01:47:58,132908,R64K,4517,18.52,Temp
2018-04-29 01:48:39,132908,R64K,4517,18.52,Temp
2018-04-29 01:49:10,132908,R64K,4517,18.52,Temp
2018-04-29 01:49:52,132908,R64K,4517,18.52,Temp
2018-04-29 01:50:45,132908,R64K,4517,18.53,Temp
2018-04-29 01:51:23,132908,R64K,4517,18.53,Temp
2018-04-29 01:53:38,132908,R64K,4517,18.53,Temp
2018-04-29 22:18:49,132908,R64K,4499,19.27,Temp
2018-04-29 22:21:00,132908,R64K,4499,19.27,Temp
2018-04-29 22:21:35,132908,R64K,4499,19.27,Temp
2018-04-29 22:22:07,132908,R64K,4499,19.27,Temp
2018-04-29 22:23:00,132908,R64K,4499,19.27,Temp
2018-04-29 22:23:27,132908,R64K,4499,19.28,Temp
2018-04-29 22:24:02,132908,R64K,4499,19.28,Temp
2018-04-30 10:55:55,132908,R64K,4522,19.61,Temp
2018-04-30 11:06:44,132908,R64K,4473,19.61,Temp
2018-04-30 11:07:08,132908,R64K,4473,19.61,Temp
2018-04-30 11:08:12,132908,R64K,4473,19.61,Temp
2018-04-30 19:18:21,132908,R64K,4518,19.62,Temp
2018-04-30 19:19:20,132908,R64K,4518,19.62,Temp
2018-04-30 19:19:45,132908,R64K,4518,19.62,Temp
2018-04-30 19:20:30,132908,R64K,4518,19.63,Temp
2018-04-30 19:20:53,132908,R64K,4518,19.63,Temp
2018-04-30 19:38:20,132908,R64K,4512,19.64,Temp
2018-04-30 19:39:14,132908,R64K,4512,19.64,Temp
2018-04-30 19:39:28,132908,R64K,4511,19.64,Temp
2018-04-30 19:39:57,132908,R64K,4512,19.64,Temp
2018-04-30 19:40:19,132908,R64K,4511,19.64,Temp
2018-04-30 19:41:11,132908,R64K,4511,19.65,Temp
2018-04-30 20:13:11,132908,R64K,4488,19.65,Temp
2018-04-30 20:13:37,132908,R64K,4488,19.65,Temp
2018-04-30 20:13:41,132908,R64K,4513,19.65,Temp
2018-04-30 20:14:37,132908,R64K,4488,19.65,Temp
2018-04-30 20:14:41,132908,R64K,4513,19.66,Temp
2018-04-30 20:15:08,132908,R64K,4488,19.66,Temp
2018-04-30 20:15:31,132908,R64K,4513,19.66,Temp
2018-04-30 20:15:48,132908,R64K,4488,19.66,Temp
2018-04-30 20:16:08,132908,R64K,4488,19.66,Temp
2018-04-30 20:16:20,132908,R64K,4513,19.67,Temp
2018-04-30 20:17:05,132908,R64K,4492,19.67,Temp
2018-04-30 20:17:16,132908,R64K,4513,19.67,Temp
2018-04-30 20:18:02,132908,R64K,4492,19.67,Temp
2018-04-30 20:18:06,132908,R64K,4513,19.67,Temp
2018-04-30 20:18:24,132908,R64K,4492,19.68,Temp
2018-04-30 20:20:42,132908,R64K,4472,19.68,Temp
2018-04-30 20:21:21,132908,R64K,4472,19.68,Temp
2018-04-30 20:22:13,132908,R64K,4472,19.68,Temp
2018-04-30 20:22:41,132908,R64K,4472,19.68,Temp
2018-05-02 00:52:30,132908,R64K,4519,20.81,Temp
2018-05-02 00:54:26,132908,R64K,4519,20.81,Temp
2018-05-02 00:55:09,132908,R64K,4519,20.81,Temp
2018-05-02 00:55:59,132908,R64K,4519,20.81,Temp
2018-05-02 00:57:09,132908,R64K,4519,20.82,Temp
2018-05-02 00:57:35,132908,R64K,4519,20.82,Temp
2018-05-02 00:58:09,132908,R64K,4519,20.82,Temp
2018-05-02 00:58:58,132908,R64K,4519,20.82,Temp
2018-05-02 00:59:47,132908,R64K,4519,20.82,Temp
2018-05-02 01:00:19,132908,R64K,4519,20.83,Temp
2018-05-02 01:01:57,132908,R64K,4519,20.83,Temp
2018-05-02 01:03:14,132908,R64K,4519,20.83,Temp
2018-05-02 01:04:11,132908,R64K,4519,20.83,Temp
2018-05-02 01:04:31,132908,R64K,4519,20.83,Temp
2018-05-02 01:04:59,132908,R64K,4519,20.84,Temp
2018-05-02 01:05:31,132908,R64K,4519,20.84,Temp
2018-05-02 01:06:13,132908,R64K,4519,20.84,Temp
2018-05-02 01:07:11,132908,R64K,4519,20.84,Temp
2018-05-02 01:07:54,132908,R64K,4519,20.84,Temp
2018-05-02 01:08:54,132908,R64K,4519,20.85,Temp
2018-05-02 01:10:27,132908,R64K,4519,20.85,Temp
2018-05-02 01:12:32,132908,R64K,4519,20.85,Temp
2018-05-02 01:13:13,132908,R64K,4519,20.85,Temp
2018-05-02 01:13:43,132908,R64K,4519,20.85,Temp
2018-05-02 01:14:42,132908,R64K,4519,20.86,Temp
